/*
-- Query: SELECT * FROM jf_mall.tmall_product
LIMIT 0, 50000

-- Date: 2016-07-31 13:48
*/
INSERT INTO `tmall_product` (`code`,`category`,`type`,`type_pic`,`order_no`,`name`,`adv_title`,`adv_pic`,`major_pic`,`major_text`,`family_pic`,`family_text`,`highlight_pic`,`highlight_text`,`status`,`updater`,`update_datetime`,`remark`) VALUES ('MP201607280358257281','CJ','cy','http://121.43.101.148:8901/2016072915/20160721103052848756801.png',1,'龙井','茶香浓郁','http://121.43.101.148:8901/2016072915/20160721103521989917392.png',NULL,NULL,NULL,NULL,NULL,NULL,'1','admin','2016-07-29 15:52:19','');
INSERT INTO `tmall_product` (`code`,`category`,`type`,`type_pic`,`order_no`,`name`,`adv_title`,`adv_pic`,`major_pic`,`major_text`,`family_pic`,`family_text`,`highlight_pic`,`highlight_text`,`status`,`updater`,`update_datetime`,`remark`) VALUES ('MP201607280359251374','QCYP','czyp','http://121.43.101.148:8901/2016072917/20160721105490796427183.png',3,'点烟器','一点就着','http://121.43.101.148:8901/2016072917/20160721105490750080732.png',NULL,NULL,NULL,NULL,NULL,NULL,'1','admin','2016-07-29 17:49:07','');
INSERT INTO `tmall_product` (`code`,`category`,`type`,`type_pic`,`order_no`,`name`,`adv_title`,`adv_pic`,`major_pic`,`major_text`,`family_pic`,`family_text`,`highlight_pic`,`highlight_text`,`status`,`updater`,`update_datetime`,`remark`) VALUES ('MP201607281110403408','RYBH','bhsp','http://121.43.101.148:8901/2016072916/20160721104183858834129.png',3,'碗','快到碗里来','http://121.43.101.148:8901/2016072916/2016072110418381357237.png',NULL,NULL,NULL,NULL,NULL,NULL,'1','admin','2016-07-29 16:20:08','');
INSERT INTO `tmall_product` (`code`,`category`,`type`,`type_pic`,`order_no`,`name`,`adv_title`,`adv_pic`,`major_pic`,`major_text`,`family_pic`,`family_text`,`highlight_pic`,`highlight_text`,`status`,`updater`,`update_datetime`,`remark`) VALUES ('MP201607281112316713','QCYP','czyp','http://121.43.101.148:8901/2016072917/20160721105473077944435.png',2,'记录仪','高清世界，值得拥有','http://121.43.101.148:8901/2016072917/20160721105473081469759.png',NULL,NULL,NULL,NULL,NULL,NULL,'1','admin','2016-07-29 17:48:28','');
INSERT INTO `tmall_product` (`code`,`category`,`type`,`type_pic`,`order_no`,`name`,`adv_title`,`adv_pic`,`major_pic`,`major_text`,`family_pic`,`family_text`,`highlight_pic`,`highlight_text`,`status`,`updater`,`update_datetime`,`remark`) VALUES ('MP201607281128598062','CJ','cy','http://121.43.101.148:8901/2016072915/20160721103340725404825.png',3,'茶具','广告语','http://121.43.101.148:8901/2016072915/20160721103534790245184.png',NULL,NULL,NULL,NULL,NULL,NULL,'1','admin','2016-07-29 15:53:47','');
INSERT INTO `tmall_product` (`code`,`category`,`type`,`type_pic`,`order_no`,`name`,`adv_title`,`adv_pic`,`major_pic`,`major_text`,`family_pic`,`family_text`,`highlight_pic`,`highlight_text`,`status`,`updater`,`update_datetime`,`remark`) VALUES ('MP201607281209467575','RYBH','bhsp','http://121.43.101.148:8901/2016072916/20160721104220448319988.png',3,'厨房刀具','优质耐用','http://121.43.101.148:8901/2016072916/20160721104220444792293.png',NULL,NULL,NULL,NULL,NULL,NULL,'1','admin','2016-07-29 16:22:04','');
INSERT INTO `tmall_product` (`code`,`category`,`type`,`type_pic`,`order_no`,`name`,`adv_title`,`adv_pic`,`major_pic`,`major_text`,`family_pic`,`family_text`,`highlight_pic`,`highlight_text`,`status`,`updater`,`update_datetime`,`remark`) VALUES ('MP201607281210332733','ZZJF','jf','http://121.43.101.148:8901/2016072917/20160721105445433300378.png',3,'被子','盖了你就起不来','http://121.43.101.148:8901/2016072917/20160721105445497624051.png',NULL,NULL,NULL,NULL,NULL,NULL,'1','admin','2016-07-29 17:45:35','');
INSERT INTO `tmall_product` (`code`,`category`,`type`,`type_pic`,`order_no`,`name`,`adv_title`,`adv_pic`,`major_pic`,`major_text`,`family_pic`,`family_text`,`highlight_pic`,`highlight_text`,`status`,`updater`,`update_datetime`,`remark`) VALUES ('MP201607281211514799','ZZJF','jf','http://121.43.101.148:8901/2016072916/20160721104361565069372.png',3,'毛巾','柔软舒适','http://121.43.101.148:8901/2016072916/20160721104361560766861.png',NULL,NULL,NULL,NULL,NULL,NULL,'1','admin','2016-07-29 17:24:23','');
INSERT INTO `tmall_product` (`code`,`category`,`type`,`type_pic`,`order_no`,`name`,`adv_title`,`adv_pic`,`major_pic`,`major_text`,`family_pic`,`family_text`,`highlight_pic`,`highlight_text`,`status`,`updater`,`update_datetime`,`remark`) VALUES ('MP201607281215585943','ZZJF','jf','http://121.43.101.148:8901/2016072916/20160721104352758547117.png',2,'抱枕','棉花饱满，让你靠着更舒适','http://121.43.101.148:8901/2016072916/20160721104352722379424.png',NULL,NULL,NULL,NULL,NULL,NULL,'1','admin','2016-07-29 17:24:10','');
INSERT INTO `tmall_product` (`code`,`category`,`type`,`type_pic`,`order_no`,`name`,`adv_title`,`adv_pic`,`major_pic`,`major_text`,`family_pic`,`family_text`,`highlight_pic`,`highlight_text`,`status`,`updater`,`update_datetime`,`remark`) VALUES ('MP201607281226377061','CJ','hjbj','http://121.43.101.148:8901/2016072916/20160721104010853578660.png',2,'白酒','来一杯','http://121.43.101.148:8901/2016072915/20160721103592365162901.png',NULL,NULL,NULL,NULL,NULL,NULL,'1','admin','2016-07-29 16:02:08','');
INSERT INTO `tmall_product` (`code`,`category`,`type`,`type_pic`,`order_no`,`name`,`adv_title`,`adv_pic`,`major_pic`,`major_text`,`family_pic`,`family_text`,`highlight_pic`,`highlight_text`,`status`,`updater`,`update_datetime`,`remark`) VALUES ('MP201607282159375468','CJ','hjbj','http://121.43.101.148:8901/2016072915/20160721103211618733820.png',4,'红酒','品质纯正','http://121.43.101.148:8901/2016072915/20160721103550459803650.png',NULL,NULL,NULL,NULL,NULL,NULL,'1','admin','2016-07-29 15:55:04','1');

/*
-- Query: SELECT * FROM jf_mall.tmall_model
LIMIT 0, 50000

-- Date: 2016-07-31 13:48
*/
INSERT INTO `tmall_model` (`code`,`name`,`pic1`,`pic2`,`pic3`,`description`,`product_code`,`status`,`updater`,`update_datetime`,`remark`) VALUES ('MM201607280400596224','杭州龙井','http://121.43.101.148:8901/2016072804/20160721004005958785527.jpg','http://121.43.101.148:8901/2016072804/20160721004005940903898.jpg','http://121.43.101.148:8901/2016072804/20160721004005983659119.jpg','<p><img src=\"http://121.43.101.148:8901/2016072804/1469649640005047854.jpg\" title=\"1469649640005047854.jpg\" alt=\"55f68581N53093f55.jpg\"/></p>','MP201607280358257281',NULL,'admin','2016-07-28 04:00:59','型号新增');
INSERT INTO `tmall_model` (`code`,`name`,`pic1`,`pic2`,`pic3`,`description`,`product_code`,`status`,`updater`,`update_datetime`,`remark`) VALUES ('MM201607280933591123','床垫001','http://121.43.101.148:8901/2016072809/20160721009335874766999.bmp','http://121.43.101.148:8901/2016072809/20160721009335921289006.jpg','http://121.43.101.148:8901/2016072809/20160721009335942715986.jpg','<p>货品描述：额外的核武器活动文化单位哦为哋屋企附近的为 i 复合物 i 分额违法金额为 i 分金额万分</p><p><br/></p><p>&nbsp;</p>','MP201607280925535399','0','admin','2016-07-28 09:34:22','型号新增');
INSERT INTO `tmall_model` (`code`,`name`,`pic1`,`pic2`,`pic3`,`description`,`product_code`,`status`,`updater`,`update_datetime`,`remark`) VALUES ('MM201607281120271701','珀莱雅','http://121.43.101.148:8901/2016072918/20160721106293363095015.jpg','http://121.43.101.148:8901/2016072918/20160721106193562166045.jpg','http://121.43.101.148:8901/2016072918/20160721106193565843218.jpg','<p><img src=\"http://121.43.101.148:8901/2016072811/1469675929454055734.png\" title=\"1469675929454055734.png\" alt=\"1.png\"/></p>','MP201607280358257281',NULL,'admin','2016-07-29 18:29:33','型号新增');
INSERT INTO `tmall_model` (`code`,`name`,`pic1`,`pic2`,`pic3`,`description`,`product_code`,`status`,`updater`,`update_datetime`,`remark`) VALUES ('MM201607281151234970','白色碗','http://121.43.101.148:8901/2016072918/20160721106161934457642.jpg','http://121.43.101.148:8901/2016072918/20160721106161956669736.jpg','http://121.43.101.148:8901/2016072918/20160721106161934636006.jpg','<p>货品描述无2 <br/></p>','MP201607281110403408',NULL,'admin','2016-07-29 18:16:19','型号新增1');
INSERT INTO `tmall_model` (`code`,`name`,`pic1`,`pic2`,`pic3`,`description`,`product_code`,`status`,`updater`,`update_datetime`,`remark`) VALUES ('MM201607282017339913','拉菲','http://121.43.101.148:8901/2016072918/20160721106274976437578.jpg','http://121.43.101.148:8901/2016072918/20160721106150862778163.jpg','http://121.43.101.148:8901/2016072918/20160721106150873648433.jpg','<p>123243</p>','MP201607282159375468',NULL,'admin','2016-07-29 18:41:14','啊啊啊啊666');
INSERT INTO `tmall_model` (`code`,`name`,`pic1`,`pic2`,`pic3`,`description`,`product_code`,`status`,`updater`,`update_datetime`,`remark`) VALUES ('MM201607282200425568','恒源祥被子','http://121.43.101.148:8901/2016072918/20160721106211450436722.jpg','http://121.43.101.148:8901/2016072918/20160721106211481766878.jpg','http://121.43.101.148:8901/2016072917/20160721105583465698562.jpg','<p>22333</p>','MP201607281210332733',NULL,'admin','2016-07-29 18:40:59','33');

/*
-- Query: SELECT * FROM jf_mall.tmall_model_specs where model_code in(select code from tmall_model)
LIMIT 0, 50000

-- Date: 2016-07-31 13:49
*/
INSERT INTO `tmall_model_specs` (`code`,`model_code`,`dkey`,`dvalue`,`order_num`) VALUES ('MS201607280400596239316','MM201607280400596224','品牌','龙井',NULL);
INSERT INTO `tmall_model_specs` (`code`,`model_code`,`dkey`,`dvalue`,`order_num`) VALUES ('MS201607280934221232179','MM201607280933591123','高度','10cm',NULL);
INSERT INTO `tmall_model_specs` (`code`,`model_code`,`dkey`,`dvalue`,`order_num`) VALUES ('MS20160728093422123678','MM201607280933591123','面积','10*10',NULL);
INSERT INTO `tmall_model_specs` (`code`,`model_code`,`dkey`,`dvalue`,`order_num`) VALUES ('MS201607280934221237879','MM201607280933591123','舒适度','优',NULL);
INSERT INTO `tmall_model_specs` (`code`,`model_code`,`dkey`,`dvalue`,`order_num`) VALUES ('MS20160729181619204217','MM201607281151234970','参数3','33333',NULL);
INSERT INTO `tmall_model_specs` (`code`,`model_code`,`dkey`,`dvalue`,`order_num`) VALUES ('MS201607291816192042511','MM201607281151234970','参数1','11111',NULL);
INSERT INTO `tmall_model_specs` (`code`,`model_code`,`dkey`,`dvalue`,`order_num`) VALUES ('MS201607291816192043724','MM201607281151234970','参数4','444444',NULL);
INSERT INTO `tmall_model_specs` (`code`,`model_code`,`dkey`,`dvalue`,`order_num`) VALUES ('MS201607291816192051174','MM201607281151234970','参数2','2222',NULL);
INSERT INTO `tmall_model_specs` (`code`,`model_code`,`dkey`,`dvalue`,`order_num`) VALUES ('MS201607291829333442620','MM201607281120271701','！@','！@#',NULL);
INSERT INTO `tmall_model_specs` (`code`,`model_code`,`dkey`,`dvalue`,`order_num`) VALUES ('MS201607291829333445798','MM201607281120271701','123','123',NULL);
INSERT INTO `tmall_model_specs` (`code`,`model_code`,`dkey`,`dvalue`,`order_num`) VALUES ('MS201607291829333451001','MM201607281120271701','1','1',NULL);
INSERT INTO `tmall_model_specs` (`code`,`model_code`,`dkey`,`dvalue`,`order_num`) VALUES ('MS201607291829333453255','MM201607281120271701','1','1',NULL);
INSERT INTO `tmall_model_specs` (`code`,`model_code`,`dkey`,`dvalue`,`order_num`) VALUES ('MS201607291829333454939','MM201607281120271701','12345678901233412345678901233412','1234567890123341234567890123341234567890123341234567890123341234',NULL);
INSERT INTO `tmall_model_specs` (`code`,`model_code`,`dkey`,`dvalue`,`order_num`) VALUES ('MS201607291840597845915','MM201607282200425568','44','55',NULL);
INSERT INTO `tmall_model_specs` (`code`,`model_code`,`dkey`,`dvalue`,`order_num`) VALUES ('MS201607291841148508817','MM201607282017339913','123','123',NULL);

/*
-- Query: SELECT * FROM jf_mall.tmall_sale_guide where model_code in(select code from tmall_model)
LIMIT 0, 50000

-- Date: 2016-07-31 13:47
*/
INSERT INTO `tmall_sale_guide` (`code`,`model_code`,`to_level`,`quantity`,`price`,`updater`,`update_datetime`,`remark`) VALUES ('SG201607280400596243433','MM201607280400596224','0',0,0,'admin','2016-07-29 14:31:34',NULL);
INSERT INTO `tmall_sale_guide` (`code`,`model_code`,`to_level`,`quantity`,`price`,`updater`,`update_datetime`,`remark`) VALUES ('SG201607280933591148680','MM201607280933591123','0',0,0,'admin','2016-07-28 09:33:59','型号新增');
INSERT INTO `tmall_sale_guide` (`code`,`model_code`,`to_level`,`quantity`,`price`,`updater`,`update_datetime`,`remark`) VALUES ('SG201607281120271733524','MM201607281120271701','0',0,0,'admin','2016-07-28 11:20:27','型号新增');
INSERT INTO `tmall_sale_guide` (`code`,`model_code`,`to_level`,`quantity`,`price`,`updater`,`update_datetime`,`remark`) VALUES ('SG201607281151234995568','MM201607281151234970','0',0,0,'admin','2016-07-28 11:51:23','型号新增');
INSERT INTO `tmall_sale_guide` (`code`,`model_code`,`to_level`,`quantity`,`price`,`updater`,`update_datetime`,`remark`) VALUES ('SG201607282017339932745','MM201607282017339913','0',0,0,'admin','2016-07-31 11:29:12','');
INSERT INTO `tmall_sale_guide` (`code`,`model_code`,`to_level`,`quantity`,`price`,`updater`,`update_datetime`,`remark`) VALUES ('SG201607282200425576688','MM201607282200425568','0',0,0,'admin','2016-07-30 13:38:39','');

/*
-- Query: SELECT * FROM jf_mall.tmall_buy_guide where model_code in(select code from tmall_model)
LIMIT 0, 50000

-- Date: 2016-07-31 13:52
*/
INSERT INTO `tmall_buy_guide` (`code`,`model_code`,`cost_price`,`from_user`,`from_quantity`,`from_site`,`to_level`,`original_price`,`discount_price`,`to_site`,`status`,`updater`,`update_datetime`,`remark`) VALUES ('BG201607280400596258','MM201607280400596224',0,'U201600000000000001',0,NULL,'0',599000,299000,'2','1','caigo','2016-07-28 04:01:28','');
INSERT INTO `tmall_buy_guide` (`code`,`model_code`,`cost_price`,`from_user`,`from_quantity`,`from_site`,`to_level`,`original_price`,`discount_price`,`to_site`,`status`,`updater`,`update_datetime`,`remark`) VALUES ('BG201607280933591144','MM201607280933591123',0,'U201600000000000001',0,NULL,'0',499000,399000,'1','1','caigo','2016-07-28 09:43:56','');
INSERT INTO `tmall_buy_guide` (`code`,`model_code`,`cost_price`,`from_user`,`from_quantity`,`from_site`,`to_level`,`original_price`,`discount_price`,`to_site`,`status`,`updater`,`update_datetime`,`remark`) VALUES ('BG201607281120271739','MM201607281120271701',0,'U201600000000000001',0,NULL,'0',699000,399000,'2','1','caigo','2016-07-28 11:21:47','');
INSERT INTO `tmall_buy_guide` (`code`,`model_code`,`cost_price`,`from_user`,`from_quantity`,`from_site`,`to_level`,`original_price`,`discount_price`,`to_site`,`status`,`updater`,`update_datetime`,`remark`) VALUES ('BG201607281151235001','MM201607281151234970',0,'U201600000000000001',0,NULL,'0',90000,80000,'2','1','caigo','2016-07-28 15:36:26','');
INSERT INTO `tmall_buy_guide` (`code`,`model_code`,`cost_price`,`from_user`,`from_quantity`,`from_site`,`to_level`,`original_price`,`discount_price`,`to_site`,`status`,`updater`,`update_datetime`,`remark`) VALUES ('BG201607282017339959','MM201607282017339913',0,'U201600000000000001',0,NULL,'0',0,0,'2','1','caigo','2016-07-29 18:12:30','');
INSERT INTO `tmall_buy_guide` (`code`,`model_code`,`cost_price`,`from_user`,`from_quantity`,`from_site`,`to_level`,`original_price`,`discount_price`,`to_site`,`status`,`updater`,`update_datetime`,`remark`) VALUES ('BG201607282200425588','MM201607282200425568',0,'U201600000000000001',0,NULL,'0',0,0,'2','1','caigo','2016-07-29 17:59:10','');
